SampleVariance(Col1),SampleVariance(Col2),SampleVariance(Col3),SampleVariance(Col4),SampleVariance(Col5),SampleVariance(Col6),SampleVariance(Col7),SampleVariance(Col8),SampleVariance(Col9),SampleVariance(Col10)
755.632401184972,385.843969171411,374.776453890574,113.801535278099,3.38468266841973,2.80944852214432,2.41845166579157,1.66134739171542,1.2835074839523,1.20068368966051
